{"i":1000,"val_loss_history":[2.7300650662389],"val_loss_history_it":[1000],"forward_backward_times":{},"opt":{"max_epochs":50,"checkpoint_every":1000,"batch_size":50,"memory_benchmark":0,"init_from":"","grad_clip":5,"model_type":"lstm","lr_decay_every":5,"print_every":1,"wordvec_size":64,"seq_length":50,"input_json":"\/Users\/danhon\/dev\/metafilter\/usernames-only.txt.json","num_layers":2,"input_h5":"\/Users\/danhon\/dev\/metafilter\/usernames-only.txt.h5","reset_iterations":1,"rnn_size":128,"dropout":0,"checkpoint_name":"\/Users\/danhon\/dev\/metafilter\/cv-usernames\/usernames","batchnorm":0,"learning_rate":0.002,"speed_benchmark":0,"gpu_backend":"cuda","lr_decay_factor":0.5,"gpu":-1},"train_loss_history":[4.9401831626892,4.8547329902649,4.7069478034973,4.4986357688904,4.2565970420837,4.0488333702087,3.8035066127777,3.6707391738892,3.583030462265,3.5214886665344,3.4632594585419,3.4423155784607,3.4346313476562,3.4432964324951,3.4422168731689,3.4547538757324,3.4755432605743,3.4838004112244,3.4965617656708,3.4019932746887,3.398535490036,3.3929221630096,3.3686485290527,3.3999524116516,3.4075312614441,3.3947026729584,3.461897611618,3.4432871341705,3.3348469734192,3.3762898445129,3.4129199981689,3.3517844676971,3.3699352741241,3.3965559005737,3.3910503387451,3.3666036128998,3.4008114337921,3.4440433979034,3.3833062648773,3.3535754680634,3.4103436470032,3.4526512622833,3.3735229969025,3.3633992671967,3.4056496620178,3.4153702259064,3.4203760623932,3.3501324653625,3.3783659934998,3.4075226783752,3.3672976493835,3.3804941177368,3.3773827552795,3.3784248828888,3.3605227470398,3.3257300853729,3.3379843235016,3.3587913513184,3.3739719390869,3.3318870067596,3.3245527744293,3.3219757080078,3.3263714313507,3.2723286151886,3.3226664066315,3.3427679538727,3.315239906311,3.2984871864319,3.3355550765991,3.3206803798676,3.349671125412,3.3707485198975,3.2930929660797,3.2894518375397,3.2794187068939,3.2731680870056,3.2914211750031,3.2762506008148,3.2627918720245,3.2596046924591,3.3044211864471,3.2680501937866,3.241379737854,3.2719013690948,3.2378432750702,3.2348096370697,3.1817166805267,3.2258937358856,3.1731567382812,3.2232437133789,3.201699256897,3.2093214988708,3.1972110271454,3.1639928817749,3.2843680381775,3.2376906871796,3.1735963821411,3.1760046482086,3.1984875202179,3.1825196743011,3.2090969085693,3.1963484287262,3.1745936870575,3.1412527561188,3.1841688156128,3.2066278457642,3.1269061565399,3.1329643726349,3.2022829055786,3.1074204444885,3.1434075832367,3.1920917034149,3.1481766700745,3.1094284057617,3.1658682823181,3.1101832389832,3.1799969673157,3.1027264595032,3.0850238800049,3.1113221645355,3.1260747909546,3.0980446338654,3.111508846283,3.1088411808014,3.120356798172,3.1125814914703,3.0971500873566,3.1087119579315,3.0496940612793,3.0951550006866,3.0588071346283,3.1210219860077,3.0472507476807,3.0906240940094,3.0584123134613,3.0531671047211,3.1243925094604,3.0529720783234,3.0479907989502,3.0395047664642,3.0166788101196,3.0541176795959,3.0246589183807,3.1150889396667,2.9717061519623,3.0606215000153,3.0740370750427,3.0261862277985,3.0036108493805,3.001359462738,2.9716911315918,2.9813673496246,3.0379762649536,3.01327085495,3.0156393051147,2.9819331169128,3.0260448455811,2.9894301891327,3.0619852542877,3.0123229026794,3.0443391799927,3.0307774543762,3.0562765598297,3.0320675373077,3.0321485996246,2.9824645519257,3.0515253543854,3.0186054706573,2.9865705966949,2.9757776260376,3.0294394493103,2.9686226844788,3.0163507461548,2.9831144809723,3.0003552436829,3.0227925777435,3.0266604423523,3.0058958530426,2.9848582744598,2.991162776947,2.9994564056396,2.9952414035797,3.0206761360168,2.9830343723297,2.9750881195068,3.0032057762146,2.9740061759949,3.0136120319366,2.9897303581238,2.9666640758514,2.992182970047,2.9973313808441,2.9957585334778,2.9728782176971,2.9922842979431,3.0455696582794,2.9871211051941,2.9980580806732,2.9432418346405,2.9923741817474,2.940655708313,3.0020513534546,3.00701379776,2.9657762050629,2.926807641983,2.9763789176941,2.9644892215729,3.0040521621704,2.89031457901,2.8953704833984,2.9569914340973,3.0630156993866,2.9879441261292,2.9297983646393,2.9506449699402,2.9736816883087,2.9663231372833,2.9340829849243,2.9249322414398,2.9278593063354,2.9294791221619,2.9043881893158,3.0199012756348,2.9405224323273,2.9621739387512,2.9520559310913,2.9049422740936,2.9379279613495,2.9684717655182,2.913183927536,2.8844676017761,2.9514536857605,2.9974031448364,2.9428837299347,3.0311009883881,2.9929738044739,3.0023674964905,2.9521131515503,2.9786522388458,2.9461858272552,2.9441010951996,2.9082572460175,2.9331884384155,2.9283225536346,2.9368185997009,2.9255545139313,2.9517085552216,2.9399213790894,2.9191062450409,2.920756816864,2.9253299236298,2.9899234771729,2.931423664093,2.9281306266785,2.91619348526,2.9000844955444,2.9219155311584,2.9129712581635,2.9057149887085,2.9961166381836,2.9809339046478,2.9034214019775,2.9183983802795,2.9180052280426,2.8449423313141,2.8955228328705,2.9448778629303,2.908536195755,2.909042596817,2.913055896759,2.9681062698364,2.9090905189514,2.8572583198547,2.9310069084167,2.9521245956421,2.8783605098724,2.9198026657104,2.9181456565857,2.9041788578033,2.9327201843262,2.872771024704,2.9201307296753,2.9031240940094,2.8798949718475,2.897257566452,2.9080049991608,2.9338188171387,2.8873636722565,2.8646597862244,2.8553986549377,2.8961443901062,2.9243876934052,2.9088001251221,2.9242646694183,2.8944880962372,2.880363702774,2.8544361591339,2.8135643005371,2.8718245029449,2.9048113822937,2.8800096511841,2.9236607551575,2.9330444335938,2.9516861438751,2.9482922554016,2.8996675014496,2.9054081439972,2.8859403133392,2.89200091362,2.9275364875793,2.9096055030823,2.8699779510498,2.862181186676,2.9294641017914,2.9065508842468,2.8839371204376,2.9043204784393,2.8728575706482,2.8821070194244,2.8541314601898,2.8832411766052,2.8349494934082,2.8758130073547,2.8814568519592,2.9133567810059,2.8792819976807,2.8592400550842,2.9517214298248,2.9106636047363,2.8714506626129,2.8560426235199,2.9001653194427,2.8859524726868,2.9176831245422,2.9162666797638,2.8878228664398,2.8545889854431,2.8893656730652,2.9164061546326,2.8665993213654,2.8692779541016,2.8968813419342,2.8393018245697,2.895575761795,2.9456925392151,2.8783304691315,2.8601820468903,2.9096477031708,2.8923592567444,2.9494121074677,2.8705217838287,2.8729865550995,2.8698751926422,2.8878152370453,2.8669855594635,2.8903377056122,2.8823926448822,2.9235291481018,2.8778772354126,2.8886075019836,2.9072480201721,2.8393268585205,2.8627820014954,2.8648648262024,2.9028925895691,2.8601219654083,2.8658182621002,2.8731338977814,2.862508058548,2.9253761768341,2.86732172966,2.8560168743134,2.8531446456909,2.842137336731,2.8833601474762,2.868013381958,2.9107155799866,2.8114876747131,2.8922626972198,2.8829786777496,2.8391940593719,2.8612453937531,2.8335182666779,2.8104972839355,2.8187336921692,2.8471672534943,2.8355288505554,2.8467042446136,2.8211534023285,2.8579688072205,2.8508551120758,2.9109933376312,2.8392181396484,2.8824326992035,2.8799786567688,2.8862707614899,2.8907141685486,2.8680605888367,2.826429605484,2.8904383182526,2.8602473735809,2.8388533592224,2.8242921829224,2.8759605884552,2.8267006874084,2.8514592647552,2.8389775753021,2.8360285758972,2.8714406490326,2.8844316005707,2.8492579460144,2.8670811653137,2.8614172935486,2.8879582881927,2.866542339325,2.8863146305084,2.8468732833862,2.8390107154846,2.8815240859985,2.8609364032745,2.8637409210205,2.8618471622467,2.82785820961,2.8553674221039,2.8581862449646,2.8773784637451,2.8234260082245,2.8621418476105,2.9094772338867,2.862167596817,2.8862016201019,2.8294150829315,2.8736383914948,2.8421354293823,2.8689358234406,2.8805544376373,2.8588271141052,2.8080637454987,2.8368411064148,2.8399794101715,2.868369102478,2.768434047699,2.7869694232941,2.8392748832703,2.9381375312805,2.8699762821198,2.8042628765106,2.8332276344299,2.8639430999756,2.8598217964172,2.8077433109283,2.8150069713593,2.8131687641144,2.8189010620117,2.789368391037,2.897665977478,2.8258154392242,2.8489406108856,