{"i":1000,"val_loss_history":[2.0535283591598],"val_loss_history_it":[1000],"forward_backward_times":{},"opt":{"max_epochs":50,"checkpoint_every":1000,"batch_size":50,"memory_benchmark":0,"init_from":"","grad_clip":5,"model_type":"lstm","lr_decay_every":5,"print_every":1,"wordvec_size":64,"seq_length":50,"input_json":"data\/posttitles_askme_title_only.txt.json","num_layers":2,"input_h5":"data\/posttitles_askme_title_only.txt.h5","reset_iterations":1,"rnn_size":128,"dropout":0,"checkpoint_name":"cv\/checkpoint","batchnorm":0,"learning_rate":0.002,"speed_benchmark":0,"gpu_backend":"cuda","lr_decay_factor":0.5,"gpu":0},"train_loss_history":[5.2952518463135,5.1876792907715,4.9840135574341,4.7298178672791,4.441303730011,4.1852703094482,3.9494543075562,3.7550144195557,3.5897991657257,3.4896004199982,3.4359855651855,3.4322819709778,3.3732004165649,3.3276026248932,3.3946788311005,3.3776347637177,3.375684261322,3.3548820018768,3.3677663803101,3.3318092823029,3.298668384552,3.2888042926788,3.3293120861053,3.3321242332458,3.3058214187622,3.3481514453888,3.3187124729156,3.3145136833191,3.3180503845215,3.3450534343719,3.3025734424591,3.2751400470734,3.3568394184113,3.281393289566,3.3114452362061,3.3056819438934,3.35009765625,3.3032341003418,3.2857956886292,3.3367187976837,3.3516874313354,3.2942883968353,3.3180429935455,3.2885491847992,3.3336570262909,3.3506019115448,3.2954235076904,3.2683458328247,3.3225812911987,3.2813112735748,3.3562679290771,3.298903465271,3.3457901477814,3.279488325119,3.2552945613861,3.2927370071411,3.2996554374695,3.3032641410828,3.2655827999115,3.2934234142303,3.2843129634857,3.3103992938995,3.2268738746643,3.2614669799805,3.2926378250122,3.2135629653931,3.344277381897,3.265242099762,3.262574672699,3.3554074764252,3.2446894645691,3.2961578369141,3.2191562652588,3.2115573883057,3.2552983760834,3.257709980011,3.2399907112122,3.2858262062073,3.3626270294189,3.2654848098755,3.2812278270721,3.2361743450165,3.2251274585724,3.2080972194672,3.3082616329193,3.2113122940063,3.2660882472992,3.2218616008759,3.1764543056488,3.2230575084686,3.2362809181213,3.205352306366,3.1527559757233,3.1881327629089,3.2184016704559,3.090350151062,3.1280455589294,3.0880010128021,3.1298422813416,3.1545252799988,3.1324841976166,3.1463441848755,3.1248910427094,3.1204395294189,3.117404460907,3.0981957912445,3.0884211063385,3.1090877056122,3.0408296585083,3.0111141204834,3.0752153396606,3.0383291244507,3.0402557849884,3.0281636714935,2.9979708194733,3.098738193512,3.0342152118683,3.0701472759247,3.0486323833466,2.9771139621735,3.0045289993286,2.9596197605133,2.9896912574768,2.9533090591431,2.9738347530365,2.9762654304504,3.0191540718079,2.9517192840576,2.89035987854,2.9766011238098,2.9712820053101,2.9275772571564,2.8882734775543,2.9194605350494,2.9124555587769,2.8799893856049,2.8557209968567,2.8892939090729,2.8497025966644,2.881872177124,2.813357591629,2.8687129020691,2.8616921901703,2.8357992172241,2.842004776001,2.8521814346313,2.8297576904297,2.8306267261505,2.8555397987366,2.758264541626,2.7602243423462,2.8421368598938,2.8003852367401,2.7572288513184,2.7335503101349,2.7830679416656,2.8045480251312,2.7638964653015,2.7537658214569,2.7340974807739,2.7840464115143,2.7233731746674,2.7625133991241,2.7981934547424,2.7068517208099,2.7140431404114,2.6920626163483,2.7268896102905,2.7454137802124,2.73060297966,2.7396955490112,2.7511813640594,2.6978468894958,2.703542470932,2.6922891139984,2.734573841095,2.6910054683685,2.6554510593414,2.7305297851562,2.6875951290131,2.7155327796936,2.677898645401,2.7079994678497,2.6758453845978,2.6844584941864,2.6608762741089,2.7000510692596,2.6866409778595,2.6573374271393,2.6434898376465,2.6781606674194,2.648877620697,2.6516087055206,2.616382598877,2.6624109745026,2.6006076335907,2.5623095035553,2.6015622615814,2.6683535575867,2.6275703907013,2.6224360466003,2.6179373264313,2.6124596595764,2.7007350921631,2.627281665802,2.5739793777466,2.5712199211121,2.6081008911133,2.5996034145355,2.6047828197479,2.6365172863007,2.6276245117188,2.580632686615,2.6102211475372,2.6275489330292,2.5391170978546,2.6255400180817,2.6757543087006,2.5581059455872,2.5478277206421,2.6616299152374,2.6051473617554,2.5752282142639,2.5143356323242,2.5554852485657,2.5209722518921,2.5309932231903,2.5364191532135,2.5739166736603,2.5410108566284,2.5269134044647,2.598973274231,2.6055800914764,2.5896253585815,2.5629122257233,2.5256881713867,2.5742757320404,2.5389523506165,2.4941260814667,2.525399684906,2.4689359664917,2.5644965171814,2.5294363498688,2.5030219554901,2.5793566703796,2.5252225399017,2.5955576896667,2.4551908969879,2.5603914260864,2.5006086826324,2.5240044593811,2.523273229599,2.5142045021057,2.5208258628845,2.4524927139282,2.5103871822357,2.5263433456421,2.490478515625,2.5219910144806,2.4791057109833,2.5258498191833,2.5184292793274,2.4895460605621,2.5067591667175,2.5029406547546,2.5294079780579,2.4541969299316,2.5082681179047,2.5490615367889,2.514265537262,2.5171513557434,2.556144952774,2.5396890640259,2.5100924968719,2.5029199123383,2.4256150722504,2.4332609176636,2.4698956012726,2.480917930603,2.4317774772644,2.4996562004089,2.4899554252625,2.454733133316,2.4566566944122,2.4791579246521,2.5079345703125,2.4341039657593,2.4678015708923,2.3916411399841,2.4351613521576,2.4473164081573,2.491429567337,2.4657566547394,2.4762547016144,2.4374825954437,2.4060888290405,2.41641497612,2.4496722221375,2.493471622467,2.4187831878662,2.4371812343597,2.3825273513794,2.5046408176422,2.3999190330505,2.4490554332733,2.4389262199402,2.4451065063477,2.4114758968353,2.4279465675354,2.4010467529297,2.4553115367889,2.4388949871063,2.4193313121796,2.4700086116791,2.4121153354645,2.4281349182129,2.3577399253845,2.3999483585358,2.4758098125458,2.3723244667053,2.4760625362396,2.4260461330414,2.4614696502686,2.4537043571472,2.3977315425873,2.4100368022919,2.308566570282,2.4565544128418,2.4042677879333,2.3512272834778,2.4196374416351,2.3073306083679,2.4241452217102,2.3987760543823,2.4008393287659,2.3956356048584,2.3708157539368,2.3559951782227,2.4029848575592,2.3908720016479,2.4084029197693,2.374965429306,2.3590943813324,2.3479266166687,2.3575670719147,2.3583111763,2.355388879776,2.3653430938721,2.3571794033051,2.3429760932922,2.3176808357239,2.3813509941101,2.3865485191345,2.3396058082581,2.38498878479,2.39794921875,2.3795096874237,2.3853282928467,2.3837277889252,2.387090921402,2.3401856422424,2.3600223064423,2.4475634098053,2.4116649627686,2.3667364120483,2.3911046981812,2.343062877655,2.4087469577789,2.3486096858978,2.3110733032227,2.3432049751282,2.2932636737823,2.3578100204468,2.2840328216553,2.3826258182526,2.3429112434387,2.3347773551941,2.3428411483765,2.3539211750031,2.2751247882843,2.3011786937714,2.3315281867981,2.3644688129425,2.3022747039795,2.3675496578217,2.3337960243225,2.3101539611816,2.352890253067,2.342973947525,2.3107235431671,2.2950086593628,2.313597202301,2.3003706932068,2.3028960227966,2.3598110675812,2.3405690193176,2.3586096763611,2.3653407096863,2.3205614089966,2.361279964447,2.330313205719,2.3415024280548,2.2757720947266,2.3555934429169,2.3344287872314,2.3085770606995,2.3428549766541,2.3490686416626,2.3475065231323,2.3733124732971,2.3591215610504,2.3057923316956,2.3328685760498,2.3005728721619,2.3023612499237,2.296169757843,2.3094692230225,2.3414189815521,2.3040118217468,2.3458986282349,2.3307754993439,2.2933430671692,2.3191583156586,2.3393692970276,2.2754979133606,2.2655944824219,2.273668050766,2.3236210346222,2.2494621276855,2.3380136489868,2.2944839000702,2.3872609138489,2.4454114437103,2.283842086792,2.3721632957458,2.4138252735138,2.2434713840485,2.3176965713501,2.2458696365356,2.2799108028412,2.2620923519135,2.2917656898499,2.3210151195526,2.2786598205566,2.3048048019409,2.253591299057,2.3083238601685,2.2408149242401,2.3098065853119,2.3181028366089,2.3104860782623,2.3201208114624,2.3154821395874,2.3996353149414,2.2489213943481,2.25470662117,2.2535500526428,2.2900428771973,2.2800838947296,2.2405126094818,2.3130924701691,2.3731434345245,2.2650616168976,